Workbook

Sheet ReadMe
B2: NVIDIA (NVDA) — Data-Driven Investment Pitch: Calculation Workbook
B4: Prepared for | C4: Financial Analytics (RWTH Business School) — In-Class Investment Pitch
B5: Company | C5: NVIDIA Corporation (NVDA) — market = SPY (S&P 500 ETF); benchmark-trap check = QQQ; competitor = AMD
B6: Data source | C6: stockanalysis.com historical API — split & dividend ADJUSTED close. Cross-checked vs Yahoo/Macrotrends (close 02-Jul-2026 = $194.83).
B7: Daily window | C7: See "Daily_Data" tab: 26-Mar-2024 to 29-May-2026 (545 daily returns). Mirrors the class DataBeta window.
B8: 5-year window | C8: See "Weekly_5Y" & "Monthly_5Y" tabs: 01-Jun-2021 to 26-May-2026 (used for the 5-year VaR & 5-year beta).
B9: Methods (as taught) | C9: Returns Rt=(Pt-Pt-1)/Pt-1 · Vol=STDEV.S · Beta=COVARIANCE.S/VAR.S = SLOPE · Sharpe=(Rp-Rf)/sigma · Parametric VaR=mean+_xlfn.NORM.S.INV(1-c)*sd · Historical VaR=-_xlfn.PERCENTILE.INC(r,1-c) · CVaR=AVERAGEIF · Annualise x252 (daily) or x52 (weekly).
B10: Risk-free rate (Rf) | C10: 4.0% — the value used in the class Markowitz/Sharpe task (Day 3). Editable on the Analysis tab (blue cell).
B11: Colour key | C11: BLUE = hard input you can change · BLACK = live formula. Every statistic recomputes if you edit inputs.
B12: Note | C12: Educational use only; not investment advice.

Sheet Analysis
B2: NVDA — Quantitative Analysis Summary
B3: (black = live formula; blue = editable input)
B5: Assumptions
B6: Risk-free rate Rf | C6: 0.04
B7: Confidence level (VaR) | C7: 0.95
B8: Trading days / year | C8: 252
B9: Position size ($) | C9: 100000
B11: A) DAILY metrics (Mar-2024 to May-2026, 545 obs)
B12: Metric | C12: NVDA | D12: SPY | E12: QQQ | F12: AMD
B13: Ann. return (mean x252) | C13: =AVERAGE(Daily_Data!$G$3:$G$547)*$C$8 -> 0.49916967 | D13: =AVERAGE(Daily_Data!$H$3:$H$547)*$C$8 -> 0.1987922 | E13: =AVERAGE(Daily_Data!$I$3:$I$547)*$C$8 -> 0.26273607 | F13: =AVERAGE(Daily_Data!$J$3:$J$547)*$C$8 -> 0.66094693
B14: Ann. volatility (STDEV.S x√252) | C14: =_xlfn.STDEV.S(Daily_Data!$G$3:$G$547)*SQRT($C$8) -> 0.484514 | D14: =_xlfn.STDEV.S(Daily_Data!$H$3:$H$547)*SQRT($C$8) -> 0.16339712 | E14: =_xlfn.STDEV.S(Daily_Data!$I$3:$I$547)*SQRT($C$8) -> 0.20925626 | F14: =_xlfn.STDEV.S(Daily_Data!$J$3:$J$547)*SQRT($C$8) -> 0.58615987
B15: Sharpe ratio ((R-Rf)/σ) | C15: =(AVERAGE(Daily_Data!$G$3:$G$547)*$C$8-$C$6)/(_xlfn.STDEV.S(Daily_Data!$G$3:$G$547)*SQRT($C$8)) -> 0.94769122 | D15: =(AVERAGE(Daily_Data!$H$3:$H$547)*$C$8-$C$6)/(_xlfn.STDEV.S(Daily_Data!$H$3:$H$547)*SQRT($C$8)) -> 0.97181762 | E15: =(AVERAGE(Daily_Data!$I$3:$I$547)*$C$8-$C$6)/(_xlfn.STDEV.S(Daily_Data!$I$3:$I$547)*SQRT($C$8)) -> 1.0644177 | F15: =(AVERAGE(Daily_Data!$J$3:$J$547)*$C$8-$C$6)/(_xlfn.STDEV.S(Daily_Data!$J$3:$J$547)*SQRT($C$8)) -> 1.0593474
B16: Beta vs SPY (COVAR.S/VAR.S) | C16: =_xlfn.COVARIANCE.S(Daily_Data!$G$3:$G$547,Daily_Data!$H$3:$H$547)/_xlfn.VAR.S(Daily_Data!$H$3:$H$547) -> 2.0150063 | D16: =1 -> 1 | E16: =_xlfn.COVARIANCE.S(Daily_Data!$I$3:$I$547,Daily_Data!$H$3:$H$547)/_xlfn.VAR.S(Daily_Data!$H$3:$H$547) -> 1.2291023 | F16: =_xlfn.COVARIANCE.S(Daily_Data!$J$3:$J$547,Daily_Data!$H$3:$H$547)/_xlfn.VAR.S(Daily_Data!$H$3:$H$547) -> 2.1874514
B17: Beta vs SPY (SLOPE — check) | C17: =SLOPE(Daily_Data!$G$3:$G$547,Daily_Data!$H$3:$H$547) -> 2.0150063 | D17: =1 -> 1 | E17: =SLOPE(Daily_Data!$I$3:$I$547,Daily_Data!$H$3:$H$547) -> 1.2291023 | F17: =SLOPE(Daily_Data!$J$3:$J$547,Daily_Data!$H$3:$H$547) -> 2.1874514
B18: Correlation vs SPY | C18: =CORREL(Daily_Data!$G$3:$G$547,Daily_Data!$H$3:$H$547) -> 0.67953914 | D18: =1 -> 1 | E18: =CORREL(Daily_Data!$I$3:$I$547,Daily_Data!$H$3:$H$547) -> 0.95974082 | F18: =CORREL(Daily_Data!$J$3:$J$547,Daily_Data!$H$3:$H$547) -> 0.60977095
B19: 1-day 95% VaR — Parametric | C19: =-(AVERAGE(Daily_Data!$G$3:$G$547)+_xlfn.NORM.S.INV(1-$C$7)*_xlfn.STDEV.S(Daily_Data!$G$3:$G$547)) -> 0.04822259 | D19: =-(AVERAGE(Daily_Data!$H$3:$H$547)+_xlfn.NORM.S.INV(1-$C$7)*_xlfn.STDEV.S(Daily_Data!$H$3:$H$547)) -> 0.016141704 | E19: =-(AVERAGE(Daily_Data!$I$3:$I$547)+_xlfn.NORM.S.INV(1-$C$7)*_xlfn.STDEV.S(Daily_Data!$I$3:$I$547)) -> 0.020639701 | F19: =-(AVERAGE(Daily_Data!$J$3:$J$547)+_xlfn.NORM.S.INV(1-$C$7)*_xlfn.STDEV.S(Daily_Data!$J$3:$J$547)) -> 0.058112758
B20: 1-day 95% VaR — Historical | C20: =-_xlfn.PERCENTILE.INC(Daily_Data!$G$3:$G$547,1-$C$7) -> 0.044942325 | D20: =-_xlfn.PERCENTILE.INC(Daily_Data!$H$3:$H$547,1-$C$7) -> 0.015411956 | E20: =-_xlfn.PERCENTILE.INC(Daily_Data!$I$3:$I$547,1-$C$7) -> 0.020634543 | F20: =-_xlfn.PERCENTILE.INC(Daily_Data!$J$3:$J$547,1-$C$7) -> 0.052840267
B21: 1-day 95% CVaR (Exp. Shortfall) | C21: =-AVERAGEIF(Daily_Data!$G$3:$G$547,"<="&(AVERAGE(Daily_Data!$G$3:$G$547)+_xlfn.NORM.S.INV(1-$C$7)*_xlfn.STDEV.S(Daily_Data!$G$3:$G$547))) -> 0.071660161 | D21: =-AVERAGEIF(Daily_Data!$H$3:$H$547,"<="&(AVERAGE(Daily_Data!$H$3:$H$547)+_xlfn.NORM.S.INV(1-$C$7)*_xlfn.STDEV.S(Daily_Data!$H$3:$H$547))) -> 0.024423806 | E21: =-AVERAGEIF(Daily_Data!$I$3:$I$547,"<="&(AVERAGE(Daily_Data!$I$3:$I$547)+_xlfn.NORM.S.INV(1-$C$7)*_xlfn.STDEV.S(Daily_Data!$I$3:$I$547))) -> 0.029878691 | F21: =-AVERAGEIF(Daily_Data!$J$3:$J$547,"<="&(AVERAGE(Daily_Data!$J$3:$J$547)+_xlfn.NORM.S.INV(1-$C$7)*_xlfn.STDEV.S(Daily_Data!$J$3:$J$547))) -> 0.081494579
B22: NVDA 1-day 95% VaR on position ($) | C22: =-$C$9*(AVERAGE(Daily_Data!$G$3:$G$547)+_xlfn.NORM.S.INV(1-$C$7)*_xlfn.STDEV.S(Daily_Data!$G$3:$G$547)) -> 4822.259 | D22: parametric
B23: Max drawdown (NVDA, daily window) | C23: =MIN(Daily_Data!$M$3:$M$547) -> -0.36881033
B25: Beta NVDA vs QQQ (benchmark-trap) | C25: =SLOPE(Daily_Data!$G$3:$G$547,Daily_Data!$I$3:$I$547) -> 1.7547423
B26: CAPM E[R] = Rf + β·(Rm−Rf) [Rm=SPY ann.] | C26: =$C$6+SLOPE(Daily_Data!$G$3:$G$547,Daily_Data!$H$3:$H$547)*((AVERAGE(Daily_Data!$H$3:$H$547)*$C$8)-$C$6) -> 0.35996728
B28: B) 5-YEAR metrics (weekly, Jun-2021 to May-2026, 260 obs)
B29: Metric | C29: NVDA | D29: SPY | E29: QQQ
B30: Ann. return (x52) | C30: =AVERAGE(Weekly_5Y!$F$3:$F$262)*52 -> 0.61542732 | D30: =AVERAGE(Weekly_5Y!$G$3:$G$262)*52 -> 0.14339931 | E30: =AVERAGE(Weekly_5Y!$H$3:$H$262)*52 -> 0.18620769
B31: Ann. volatility (x√52) | C31: =_xlfn.STDEV.S(Weekly_5Y!$F$3:$F$262)*SQRT(52) -> 0.47887216 | D31: =_xlfn.STDEV.S(Weekly_5Y!$G$3:$G$262)*SQRT(52) -> 0.16201526 | E31: =_xlfn.STDEV.S(Weekly_5Y!$H$3:$H$262)*SQRT(52) -> 0.21171295
B32: Sharpe (weekly-based) | C32: =(AVERAGE(Weekly_5Y!$F$3:$F$262)*52-$C$6)/(_xlfn.STDEV.S(Weekly_5Y!$F$3:$F$262)*SQRT(52)) -> 1.2016303 | D32: =(AVERAGE(Weekly_5Y!$G$3:$G$262)*52-$C$6)/(_xlfn.STDEV.S(Weekly_5Y!$G$3:$G$262)*SQRT(52)) -> 0.63820722 | E32: =(AVERAGE(Weekly_5Y!$H$3:$H$262)*52-$C$6)/(_xlfn.STDEV.S(Weekly_5Y!$H$3:$H$262)*SQRT(52)) -> 0.69059397
B33: 1-week 95% VaR — Historical | C33: =-_xlfn.PERCENTILE.INC(Weekly_5Y!$F$3:$F$262,1-$C$7) -> 0.087587253 | D33: =-_xlfn.PERCENTILE.INC(Weekly_5Y!$G$3:$G$262,1-$C$7) -> 0.030807526 | E33: =-_xlfn.PERCENTILE.INC(Weekly_5Y!$H$3:$H$262,1-$C$7) -> 0.040032768
B34: 5Y beta NVDA vs SPY (weekly, SLOPE) | C34: =SLOPE(Weekly_5Y!$F$3:$F$262,Weekly_5Y!$G$3:$G$262) -> 2.0538904
B35: 5Y beta NVDA vs SPY (MONTHLY, SLOPE) | C35: =SLOPE(Monthly_5Y!$E$3:$E$61,Monthly_5Y!$F$3:$F$61) -> 2.3156938 | D35: ≈ published 5Y beta
B36: NVDA 5Y total price return | C36: =Weekly_5Y!B262/Weekly_5Y!B2-1 -> 11.219078
B37: Max drawdown (NVDA, 5Y weekly) | C37: =MIN(Weekly_5Y!$K$3:$K$262) -> -0.65936033 | D37: (array)

Sheet Daily_Data
A1: Date | B1: NVDA (Adj Close) | C1: SPY (Adj Close) | D1: QQQ (Adj Close) | E1: AMD (Adj Close) | G1: NVDA Return | H1: SPY Return | I1: QQQ Return | J1: AMD Return | L1: NVDA Peak | M1: NVDA Drawdown
A2: 45377 | B2: 92.401101 | C2: 506.497 | D2: 438.50532 | E2: 177.87 | L2: =MAX($B$2:B2) -> 92.401101 | M2: =(B2-L2)/L2 -> 0
A3: 45378 | B3: 90.094093 | C3: 510.754 | D3: 439.99892 | E3: 179.59 | G3: =(B3-B2)/B2 -> -0.024967322 | H3: =(C3-C2)/C2 -> 0.0084047882 | I3: =(D3-D2)/D2 -> 0.0034061183 | J3: =(E3-E2)/E2 -> 0.0096699837 | L3: =MAX($B$2:B3) -> 92.401101 | M3: =(B3-L3)/L3 -> -0.024967322
A4: 45379 | B4: 90.19991 | C4: 510.656 | D4: 439.18783 | E4: 180.49 | G4: =(B4-B3)/B3 -> 0.0011745165 | H4: =(C4-C3)/C3 -> -0.00019187319 | I4: =(D4-D3)/D3 -> -0.0018434 | J4: =(E4-E3)/E3 -> 0.0050114149 | L4: =MAX($B$2:B4) -> 92.401101 | M4: =(B4-L4)/L4 -> -0.02382213
A5: 45383 | B5: 90.206898 | C5: 509.768 | D5: 440.11762 | E5: 183.34 | G5: =(B5-B4)/B4 -> 7.7472361e-05 | H5: =(C5-C4)/C4 -> -0.0017389397 | I5: =(D5-D4)/D4 -> 0.0021170691 | J5: =(E5-E4)/E4 -> 0.015790348 | L5: =MAX($B$2:B5) -> 92.401101 | M5: =(B5-L5)/L5 -> -0.023746503
A6: 45384 | B6: 89.297472 | C6: 506.526 | D6: 436.31932 | E6: 178.7 | G6: =(B6-B5)/B5 -> -0.010081557 | H6: =(C6-C5)/C5 -> -0.0063597558 | I6: =(D6-D5)/D5 -> -0.0086301839 | J6: =(E6-E5)/E5 -> -0.025308171 | L6: =MAX($B$2:B6) -> 92.401101 | M6: =(B6-L6)/L6 -> -0.033588658
A7: 45385 | B7: 88.810315 | C7: 507.083 | D7: 437.29857 | E7: 180.77 | G7: =(B7-B6)/B6 -> -0.00545544 | H7: =(C7-C6)/C6 -> 0.0010996474 | I7: =(D7-D6)/D6 -> 0.0022443379 | J7: =(E7-E6)/E6 -> 0.01158366 | L7: =MAX($B$2:B7) -> 92.401101 | M7: =(B7-L7)/L7 -> -0.038860857
A8: 45386 | B8: 85.756599 | C8: 500.893 | D8: 430.61199 | E8: 165.83 | G8: =(B8-B7)/B7 -> -0.0343847 | H8: =(C8-C7)/C7 -> -0.012207075 | I8: =(D8-D7)/D7 -> -0.015290658 | J8: =(E8-E7)/E7 -> -0.082646457 | L8: =MAX($B$2:B8) -> 92.401101 | M8: =(B8-L8)/L8 -> -0.071909338
A9: 45387 | B9: 87.855966 | C9: 506.126 | D9: 435.68628 | E9: 170.42 | G9: =(B9-B8)/B8 -> 0.02448053 | H9: =(C9-C8)/C8 -> 0.010447341 | I9: =(D9-D8)/D8 -> 0.011783894 | J9: =(E9-E8)/E8 -> 0.027678948 | L9: =MAX($B$2:B9) -> 92.401101 | M9: =(B9-L9)/L9 -> -0.049189187
A10: 45390 | B10: 86.982478 | C10: 506.409 | D10: 435.81486 | E10: 169.9 | G10: =(B10-B9)/B9 -> -0.009942273 | H10: =(C10-C9)/C9 -> 0.0005591493 | I10: =(D10-D9)/D9 -> 0.00029513897 | J10: =(E10-E9)/E9 -> -0.0030512851 | L10: =MAX($B$2:B10) -> 92.401101 | M10: =(B10-L10)/L10 -> -0.058642407
A11: 45391 | B11: 85.206551 | C11: 506.995 | D11: 437.42716 | E11: 170.78 | G11: =(B11-B10)/B10 -> -0.020417066 | H11: =(C11-C10)/C10 -> 0.0011571674 | I11: =(D11-D10)/D10 -> 0.0036994998 | J11: =(E11-E10)/E10 -> 0.0051795174 | L11: =MAX($B$2:B11) -> 92.401101 | M11: =(B11-L11)/L11 -> -0.077862167
A12: 45392 | B12: 86.88864 | C12: 501.918 | D12: 433.60908 | E12: 167.14 | G12: =(B12-B11)/B11 -> 0.019741311 | H12: =(C12-C11)/C11 -> -0.010013905 | I12: =(D12-D11)/D11 -> -0.0087284886 | J12: =(E12-E11)/E11 -> -0.021313971 | L12: =MAX($B$2:B12) -> 92.401101 | M12: =(B12-L12)/L12 -> -0.059657958
A13: 45393 | B13: 90.459461 | C13: 505.706 | D13: 440.53306 | E13: 170.5 | G13: =(B13-B12)/B12 -> 0.041096523 | H13: =(C13-C12)/C12 -> 0.0075470495 | I13: =(D13-D12)/D12 -> 0.015968245 | J13: =(E13-E12)/E12 -> 0.020102908 | L13: =MAX($B$2:B13) -> 92.401101 | M13: =(B13-L13)/L13 -> -0.02101317
A14: 45394 | B14: 88.033659 | C14: 498.726 | D14: 433.51017 | E14: 163.28 | G14: =(B14-B13)/B13 -> -0.026816454 | H14: =(C14-C13)/C13 -> -0.013802486 | I14: =(D14-D13)/D13 -> -0.0159418 | J14: =(E14-E13)/E13 -> -0.042346041 | L14: =MAX($B$2:B14) -> 92.401101 | M14: =(B14-L14)/L14 -> -0.047266125
... A547: 46171 | B547: 210.8942 | C547: 756.48 | D547: 738.31 | E547: 516.1 | G547: =(B547-B546)/B546 -> -0.01451575 | H547: =(C547-C546)/C546 -> 0.0024913862 | I547: =(D547-D546)/D546 -> 0.0036840674 | J547: =(E547-E546)/E546 -> -0.0038410315 | L547: =MAX($B$2:B547) -> 235.46556 | M547: =(B547-L547)/L547 -> -0.10435225

Sheet Weekly_5Y
A1: Date | B1: NVDA (Adj Close) | C1: SPY (Adj Close) | D1: QQQ (Adj Close) | F1: NVDA Return | G1: SPY Return | H1: QQQ Return | J1: NVDA Peak | K1: NVDA Drawdown
A2: 44348 | B2: 17.534056 | C2: 394.597 | D2: 325.67677 | J2: =MAX($B$2:B2) -> 17.534056 | K2: =(B2-J2)/J2 -> 0
A3: 44354 | B3: 17.78451 | C3: 396.194 | D3: 331.15001 | F3: =(B3-B2)/B2 -> 0.01428386 | G3: =(C3-C2)/C2 -> 0.0040471671 | H3: =(D3-D2)/D2 -> 0.016805721 | J3: =MAX($B$2:B3) -> 17.78451 | K3: =(B3-J3)/J3 -> 0
A4: 44361 | B4: 18.596151 | C4: 388.711 | D4: 332.4989 | F4: =(B4-B3)/B3 -> 0.045637524 | G4: =(C4-C3)/C3 -> -0.018887212 | H4: =(D4-D3)/D3 -> 0.0040733775 | J4: =MAX($B$2:B4) -> 18.596151 | K4: =(B4-J4)/J4 -> 0
A5: 44368 | B5: 18.987504 | C5: 399.662 | D5: 339.52014 | F5: =(B5-B4)/B4 -> 0.021044839 | G5: =(C5-C4)/C4 -> 0.028172601 | H5: =(D5-D4)/D4 -> 0.021116566 | J5: =MAX($B$2:B5) -> 18.987504 | K5: =(B5-J5)/J5 -> 0
A6: 44375 | B6: 20.440177 | C6: 406.323 | D6: 348.43903 | F6: =(B6-B5)/B5 -> 0.076506791 | G6: =(C6-C5)/C5 -> 0.016666583 | H6: =(D6-D5)/D5 -> 0.026269101 | J6: =MAX($B$2:B6) -> 20.440177 | K6: =(B6-J6)/J6 -> 0
A7: 44383 | B7: 20.004425 | C7: 408.01 | D7: 350.74162 | F7: =(B7-B6)/B6 -> -0.021318406 | G7: =(C7-C6)/C6 -> 0.0041518693 | H7: =(D7-D6)/D6 -> 0.0066082982 | J7: =MAX($B$2:B7) -> 20.440177 | K7: =(B7-J7)/J7 -> -0.021318406
A8: 44389 | B8: 18.119493 | C8: 404.094 | D8: 347.42861 | F8: =(B8-B7)/B7 -> -0.094225753 | G8: =(C8-C7)/C7 -> -0.009597804 | H8: =(D8-D7)/D7 -> -0.0094457225 | J8: =MAX($B$2:B8) -> 20.440177 | K8: =(B8-J8)/J8 -> -0.11353542
A9: 44396 | B9: 19.5133 | C9: 412.15 | D9: 357.72711 | F9: =(B9-B8)/B8 -> 0.076923068 | G9: =(C9-C8)/C8 -> 0.019935955 | H9: =(D9-D8)/D8 -> 0.029642058 | J9: =MAX($B$2:B9) -> 20.440177 | K9: =(B9-J9)/J9 -> -0.04534584
A10: 44403 | B10: 19.454435 | C10: 410.811 | D10: 354.20036 | F10: =(B10-B9)/B9 -> -0.0030166604 | G10: =(C10-C9)/C9 -> -0.0032488172 | H10: =(D10-D9)/D9 -> -0.009858772 | J10: =MAX($B$2:B10) -> 20.440177 | K10: =(B10-J10)/J10 -> -0.048225708
A11: 44410 | B11: 20.319453 | C11: 414.539 | D11: 357.58138 | F11: =(B11-B10)/B10 -> 0.044463795 | G11: =(C11-C10)/C10 -> 0.0090747327 | H11: =(D11-D10)/D10 -> 0.0095454929 | J11: =MAX($B$2:B11) -> 20.440177 | K11: =(B11-J11)/J11 -> -0.0059062111
A12: 44417 | B12: 20.14186 | C12: 417.753 | D12: 358.32947 | F12: =(B12-B11)/B11 -> -0.0087400483 | G12: =(C12-C11)/C11 -> 0.0077531909 | H12: =(D12-D11)/D11 -> 0.0020921056 | J12: =MAX($B$2:B12) -> 20.440177 | K12: =(B12-J12)/J12 -> -0.014594639
A13: 44424 | B13: 20.768425 | C13: 415.354 | D13: 357.27048 | F13: =(B13-B12)/B12 -> 0.031107604 | G13: =(C13-C12)/C12 -> -0.0057426278 | H13: =(D13-D12)/D12 -> -0.0029553695 | J13: =MAX($B$2:B13) -> 20.768425 | K13: =(B13-J13)/J13 -> 0
A14: 44431 | B14: 22.584265 | C14: 421.809 | D14: 365.34411 | F14: =(B14-B13)/B13 -> 0.087432725 | G14: =(C14-C13)/C13 -> 0.01554096 | H14: =(D14-D13)/D13 -> 0.0225981 | J14: =MAX($B$2:B14) -> 22.584265 | K14: =(B14-J14)/J14 -> 0
... A262: 46168 | B262: 214.25 | C262: 756.48 | D262: 738.31 | F262: =(B262-B261)/B261 -> -0.0050155575 | G262: =(C262-C261)/C261 -> 0.014537847 | H262: =(D262-D261)/D261 -> 0.028946121 | J262: =MAX($B$2:B262) -> 225.32 | K262: =(B262-J262)/J262 -> -0.049130126

Sheet Monthly_5Y
A1: Date | B1: NVDA (Adj Close) | C1: SPY (Adj Close) | E1: NVDA Return | F1: SPY Return
A2: 44377 | B2: 20.440177 | C2: 406.323
A3: 44408 | B3: 19.454435 | C3: 410.811 | E3: =(B3-B2)/B2 -> -0.048225708 | F3: =(C3-C2)/C2 -> 0.0110454
A4: 44439 | B4: 22.794811 | C4: 424.46 | E4: =(B4-B3)/B3 -> 0.17170254 | F4: =(C4-C3)/C3 -> 0.033224524
A5: 44469 | B5: 20.698243 | C5: 408.127 | E5: =(B5-B4)/B4 -> -0.091975669 | F5: =(C5-C4)/C4 -> -0.03847948
A6: 44500 | B6: 25.513064 | C6: 431.633 | E6: =(B6-B5)/B5 -> 0.23261979 | F6: =(C6-C5)/C5 -> 0.057594817
A7: 44530 | B7: 30.632 | C7: 426.153 | E7: =(B7-B6)/B6 -> 0.2006398 | F7: =(C7-C6)/C6 -> -0.012695971
A8: 44561 | B8: 29.352548 | C8: 447.983 | E8: =(B8-B7)/B7 -> -0.041768477 | F8: =(C8-C7)/C7 -> 0.051225733
A9: 44592 | B9: 24.270668 | C9: 423.215 | E9: =(B9-B8)/B8 -> -0.1731325 | F9: =(C9-C8)/C8 -> -0.055287812
A10: 44620 | B10: 22.894317 | C10: 407.624 | E10: =(B10-B9)/B9 -> -0.05670841 | F10: =(C10-C9)/C9 -> -0.036839431
A11: 44651 | B11: 26.663455 | C11: 428.508 | E11: =(B11-B10)/B10 -> 0.16463204 | F11: =(C11-C10)/C10 -> 0.05123349
A12: 44681 | B12: 18.513294 | C12: 389.794 | E12: =(B12-B11)/B11 -> -0.30566785 | F12: =(C12-C11)/C11 -> -0.090346038
A13: 44712 | B13: 18.685979 | C13: 388.412 | E13: =(B13-B12)/B12 -> 0.0093276215 | F13: =(C13-C12)/C12 -> -0.0035454625
A14: 44742 | B14: 14.499671 | C14: 362.246 | E14: =(B14-B13)/B13 -> -0.22403472 | F14: =(C14-C13)/C13 -> -0.067366611
... A61: 46173 | B61: 214.25 | C61: 756.48 | E61: =(B61-B60)/B60 -> 0.079617032 | F61: =(C61-C60)/C60 -> 0.049719004
